[
    {
        "id": 1,
        "eventId": 1,
        "userName": "Ahmed Khan",
        "userEmail": "ahmed@example.com",
        "seats": [
            "A1",
            "A2"
        ],
        "totalAmount": 5000,
        "bookingDate": "2025-12-15T10:30:00",
        "status": "confirmed"
    },
    {
        "id": 2,
        "eventId": 2,
        "userName": "Sara Ali",
        "userEmail": "sara@example.com",
        "seats": [
            "A1",
            "A2",
            "A3"
        ],
        "totalAmount": 4500,
        "bookingDate": "2025-12-16T14:20:00",
        "status": "confirmed"
    }
]