[
    {
        "city": "Lahore",
        "areas": [
            "Gulberg",
            "DHA",
            "Johar Town",
            "Model Town",
            "Bahria Town"
        ]
    },
    {
        "city": "Karachi",
        "areas": [
            "Clifton",
            "DHA",
            "Gulshan",
            "North Nazimabad",
            "Korangi"
        ]
    },
    {
        "city": "Islamabad",
        "areas": [
            "F-7",
            "Blue Area",
            "G-10",
            "I-8",
            "E-11"
        ]
    }
]