[
    {
        "id": 1,
        "vendorName": "Tasty Treats",
        "contactPerson": "Ali Raza",
        "email": "ali@tastytreats.com",
        "phone": "+92-300-1234567",
        "stallType": "Food Stall",
        "eventId": 2,
        "registrationDate": "2025-12-10T09:00:00",
        "status": "approved"
    },
    {
        "id": 2,
        "vendorName": "Tech Gadgets Co",
        "contactPerson": "Fatima Sheikh",
        "email": "fatima@techgadgets.com",
        "phone": "+92-321-9876543",
        "stallType": "Merchandise",
        "eventId": 3,
        "registrationDate": "2025-12-12T11:30:00",
        "status": "pending"
    }
]